cluster,Air temperature [K],Process temperature [K],Rotational speed [rpm],Torque [Nm],Tool wear [min]
0,298.2674556213018,308.747461849891,1474.548738710682,43.28458424166926,104.47212706322019
1,300.1361344537815,310.09711884753904,1797.4111644657862,26.62124849939976,109.71068427370949
2,301.72270252961897,311.2515529939161,1468.3291706692282,43.768523855267375,109.9077809798271
