feature,t_statistic,p_value,significant
Air temperature [K],7.488852739290523,8.538219688312203e-13,True
Process temperature [K],3.9514175343759916,9.743316101943124e-05,True
Rotational speed [rpm],-1.683184224467057,0.09348021578440016,False
Torque [Nm],10.393793177429464,1.4206988070510345e-21,True
Tool wear [min],7.578675381888434,4.985775054275963e-13,True
