metric,score
precision,0.6521739130434783
recall,0.6617647058823529
f1_score,0.656934306569343
roc_auc,0.9707024113993424
